,distance,variance of wind direction,flexible farm base power,flexible farm opt power,flexible_percent_gain,fixed farm base power,fixed farm opt power,fixed_percent_gain,total farm base power,total farm opt power,total_percent_gain,overlap_flag,optimal position
1,2000.0,15.0,136872.2247907621,136129.91493612467,-0.5423378306096802,128477.56244332911,131062.56770321177,2.0120285680411265,265349.7872340912,267192.48263933643,0.6944401291792299,False,"[[[0.0, 222.22222222222223, 444.44444444444446, 666.6666666666667, 888.8888888888889, 1111.111111111111, 1333.3333333333335, 1555.5555555555557, 1777.7777777777778, 2000.0, 1.8844356313270884e-13, 1.9390501168692372e-13, 1.603701570671882e-13, 631.6598989721263, 687.0239842800414, 1379.3626700848226, 1295.1092033265024, 1374.653200061627, 2000.0000000000002, 2000.0000000000002], [0.0, 0.0, 0.0, 0.0, 0.0, 0.0, 0.0, 0.0, 0.0, 0.0, 2000.0, 4000.0, 3021.526436360301, 3489.9947983125976, 2000.0, 2000.0, 4000.0, 2964.3992344576336, 2000.0, 4000.0]]]"
2,2200.0,15.0,136570.47797898276,134744.4752491706,-1.337040593863324,132276.34842897102,133371.29242324855,0.8277700490541526,268846.82640795375,268115.76767241914,-0.2719238851736651,False,"[[[0.0, 222.22222222222223, 444.44444444444446, 666.6666666666667, 888.8888888888889, 1111.111111111111, 1333.3333333333335, 1555.5555555555557, 1777.7777777777778, 2000.0, 8.184323830845126e-08, 1.435274612572686e-13, 1.5373528672591045e-13, 759.8537418758146, 773.4950249251252, 1025.790925133708, 1455.9838009285832, 2000.0000000000002, 1999.999943563339, 2000.0000000000002], [0.0, 0.0, 0.0, 0.0, 0.0, 0.0, 0.0, 0.0, 0.0, 0.0, 2921.7671273528367, 4200.0, 2200.0, 4200.0, 2567.7268161273155, 3594.0217832856147, 2313.556662815465, 4200.0, 3149.6826957363214, 2200.0]]]"
3,2400.0,15.0,135954.20393032653,134898.1589825382,-0.7767652027365938,133382.25445251388,134110.3911121006,0.5459021985911496,269336.45838284044,269008.5500946388,-0.12174671419179753,False,"[[[0.0, 222.22222222222223, 444.44444444444446, 666.6666666666667, 888.8888888888889, 1111.111111111111, 1333.3333333333335, 1555.5555555555557, 1777.7777777777778, 2000.0, 1.8348648338446629e-13, 347.5591522245294, 2.3598531630395156e-13, 685.8819202249834, 1081.566005262927, 942.9180341393106, 1307.2169040754352, 2000.0000000000002, 2000.0000000000002, 1999.9864967377493], [0.0, 0.0, 0.0, 0.0, 0.0, 0.0, 0.0, 0.0, 0.0, 0.0, 2400.0, 3451.4588631945726, 4400.0, 4400.0, 2984.6501936972486, 2400.0, 3938.3619501668004, 4400.0, 2400.0, 3463.0840744945676]]]"
4,2600.0,15.0,135305.2153310718,135946.25512981013,0.4737731632663154,135454.42823414097,135112.56570936684,-0.25238194810670916,270759.6435652128,271058.82083917694,0.1104955192083871,False,"[[[0.0, 222.22222222222223, 444.44444444444446, 666.6666666666667, 888.8888888888889, 1111.111111111111, 1333.3333333333335, 1555.5555555555557, 1777.7777777777778, 2000.0, 1.6744982763165448e-13, 3.0359088936507127e-05, 2.4167174146269983e-06, 730.1662909024722, 796.2367374760706, 1429.9425770020823, 1726.786392146996, 1166.9237623197657, 1999.9863205268462, 1999.9999912809747], [0.0, 0.0, 0.0, 0.0, 0.0, 0.0, 0.0, 0.0, 0.0, 0.0, 2600.0, 3523.1335327942393, 4600.0, 3887.2442606847176, 2600.0, 3519.412187206671, 2600.0, 4600.0, 3196.572295336647, 4599.604797743754]]]"
5,2800.0,15.0,136448.0134712062,135856.71777257122,-0.4333487044571496,134579.5727809192,135818.16923150065,0.9203450605373428,271027.5862521254,271674.8870040719,0.23883205429293866,False,"[[[0.0, 222.22222222222223, 444.44444444444446, 666.6666666666667, 888.8888888888889, 1111.111111111111, 1333.3333333333335, 1555.5555555555557, 1777.7777777777778, 2000.0, 2.444493239776345e-13, 2.0831174198114999e-13, 3.3729809952991286e-13, 502.88049016119555, 1030.249622148357, 745.5266254866527, 1405.9418338904027, 2000.0000000000002, 2000.0, 2000.0000000000002], [0.0, 0.0, 0.0, 0.0, 0.0, 0.0, 0.0, 0.0, 0.0, 0.0, 4800.0, 2800.0, 3558.3236863499524, 4141.203478899646, 4799.999999999999, 2800.0, 2800.000000000001, 4800.0, 3874.422594137621, 2800.0]]]"
6,3000.0,15.0,138343.4713743326,136525.94178272918,-1.313780530116617,136773.18225407766,136980.46071307917,0.15154905046842798,275116.6536284103,273506.4024958084,-0.5852975860839147,False,"[[[0.0, 222.22222222222223, 444.44444444444446, 666.6666666666667, 888.8888888888889, 1111.111111111111, 1333.3333333333335, 1555.5555555555557, 1777.7777777777778, 2000.0, 2.3645468224495746e-13, 1.8931977549440293e-13, 341.21498685707587, 635.1994538393487, 677.0211287463252, 1331.0844212247018, 1034.1150823523324, 2000.0, 1999.999552395622, 2000.0000000000002], [0.0, 0.0, 0.0, 0.0, 0.0, 0.0, 0.0, 0.0, 0.0, 0.0, 3000.0, 5000.0, 4188.015369524971, 5000.0, 3617.176163075446, 5000.0, 3000.0, 5000.0, 3971.3222470033534, 3000.0]]]"
7,3200.0,15.0,138515.86752282092,137661.33087475528,-0.6169232907015869,136789.45445525667,138064.03386734516,0.9317819251230415,275305.3219780776,275725.3647421005,0.15257342684292022,False,"[[[0.0, 222.22222222222223, 444.44444444444446, 666.6666666666667, 888.8888888888889, 1111.111111111111, 1333.3333333333335, 1555.5555555555557, 1777.7777777777778, 2000.0, 5.278836006769299e-13, 2.0117179180037159e-13, 456.18867470062395, 438.7771157980259, 894.490998133322, 951.2496721782992, 1221.6800577940617, 1479.92128065458, 2000.0000000000002, 2000.0000000000002], [0.0, 0.0, 0.0, 0.0, 0.0, 0.0, 0.0, 0.0, 0.0, 0.0, 3200.0, 5200.0, 4169.23601421015, 5199.999999999999, 3542.9795786648087, 5199.999999999999, 3200.0, 5200.0, 3886.2604173147333, 5200.0]]]"
8,3400.0,15.0,136798.18831039974,135228.32186397645,-1.1475783896064513,137919.09573766167,138279.7619321775,0.26150562587928805,274717.28404806147,273508.083796154,-0.44016169426598994,False,"[[[0.0, 222.22222222222223, 444.44444444444446, 666.6666666666667, 888.8888888888889, 1111.111111111111, 1333.3333333333335, 1555.5555555555557, 1777.7777777777778, 2000.0, 2.677822371013603e-13, 2.1863696858997547e-13, 967.8479687063381, 494.3564681483253, 3.8864458993258273e-08, 1412.0296492676428, 1999.9999999999993, 1169.166933927878, 1999.9999999580784, 1999.9583634352784], [0.0, 0.0, 0.0, 0.0, 0.0, 0.0, 0.0, 0.0, 0.0, 0.0, 3400.0, 5400.0, 5400.0, 3400.0, 4621.326045590996, 4075.8197715281503, 5400.0, 3400.0, 4456.440630418771, 3400.0000000399305]]]"
9,3600.0,15.0,137785.9747002619,126848.22259727409,-7.9382187677531615,139332.53550882198,140813.43431198772,1.0628521168854856,277118.51020908385,267661.6569092618,-3.4125664477219333,False,"[[[0.0, 222.22222222222223, 444.44444444444446, 666.6666666666667, 888.8888888888889, 1111.111111111111, 1333.3333333333335, 1555.5555555555557, 1777.7777777777778, 2000.0, 2.332279924663112e-13, 2.6465373580784305e-13, 2.804159694516425e-09, 2.2590388923489264e-13, 1122.5401179338442, 1156.8453938355203, 1143.9559736293922, 2000.0000000000002, 1179.3954665971464, 2000.0000000000002], [0.0, 0.0, 0.0, 0.0, 0.0, 0.0, 0.0, 0.0, 0.0, 0.0, 4136.022437577233, 3600.0000000000005, 4845.977750126827, 5600.0, 3600.000000000001, 4891.038298709706, 4159.937848348979, 3600.0000000000005, 5600.0, 5600.0]]]"
10,3800.0,15.0,136503.87768816418,131752.48617084324,-3.4807740247315455,140253.53867926612,140682.11644605882,0.30557358540006696,276757.4163674303,272434.60261690203,-1.5619504645140876,False,"[[[0.0, 222.22222222222223, 444.44444444444446, 666.6666666666667, 888.8888888888889, 1111.111111111111, 1333.3333333333335, 1555.5555555555557, 1777.7777777777778, 2000.0, 3.7204751477679827e-13, 0.2277374540261528, 660.3651810322602, 0.1923919413216259, 3.8162424494030285e-12, 1332.5375657705956, 1999.9999999999536, 1105.5906026901423, 2000.0000000000002, 1999.9999999999495], [0.0, 0.0, 0.0, 0.0, 0.0, 0.0, 0.0, 0.0, 0.0, 0.0, 5799.999999999984, 4349.473028212149, 5799.999999999974, 3800.3205987452297, 5011.867646358747, 5799.999999999943, 4751.7263960928385, 3800.0000000000064, 5799.999999999873, 3800.0]]]"
11,2000.0,30.0,131375.94769645808,137589.6830984077,4.72973593028333,134449.4965767332,134083.62494603905,-0.2721256977599201,265825.4442731913,271673.3080444467,2.199888647696763,False,"[[[0.0, 222.22222222222223, 444.44444444444446, 666.6666666666667, 888.8888888888889, 1111.111111111111, 1333.3333333333335, 1555.5555555555557, 1777.7777777777778, 2000.0, 1.2947094721209182e-13, 1.29009055764318e-13, 1.275835501124199e-13, 747.1251749578511, 644.7616540947317, 991.5914713750536, 1299.2719985614654, 1994.7854525008227, 2000.0000000000002, 2000.0000000000002], [0.0, 0.0, 0.0, 0.0, 0.0, 0.0, 0.0, 0.0, 0.0, 0.0, 2000.0, 2963.4614580440625, 4000.0, 2000.0, 4000.0, 2928.0953279549058, 4000.0, 2000.0, 2874.379279979551, 4000.0]]]"
12,2200.0,30.0,131478.00367192246,137587.37192467932,4.6466846789076515,136063.10183188293,135082.57960346737,-0.7206378622964776,267541.10550380533,272669.9515281467,1.9170310351686903,False,"[[[0.0, 222.22222222222223, 444.44444444444446, 666.6666666666667, 888.8888888888889, 1111.111111111111, 1333.3333333333335, 1555.5555555555557, 1777.7777777777778, 2000.0, 5.142176939566663e-07, 6.820557677907254e-09, 573.9090907992344, 3.905640213384646e-09, 983.1913519857177, 1155.423962661164, 1311.2605265233328, 1999.9999998820517, 1999.9999999997501, 1999.9999999998952], [0.0, 0.0, 0.0, 0.0, 0.0, 0.0, 0.0, 0.0, 0.0, 0.0, 3115.535845417516, 4199.999998975265, 4199.99999878117, 2200.0000003596474, 2200.0000000150726, 3308.7819596912027, 4199.999998553087, 3070.1718563011973, 4199.999999698479, 2200.00000000042]]]"
13,2400.0,30.0,131986.9696587568,137252.7006714139,3.9895839917162235,136672.22970199937,135455.85923158855,-0.8899909462683112,268659.1993607562,272708.55990300246,1.5072480495293838,False,"[[[0.0, 222.22222222222223, 444.44444444444446, 666.6666666666667, 888.8888888888889, 1111.111111111111, 1333.3333333333335, 1555.5555555555557, 1777.7777777777778, 2000.0, 2.243379459759953e-13, 2.3291408978572884e-13, 2.958002155612835e-13, 759.8277790782602, 584.4623305259246, 1394.1005027094645, 955.1114956379961, 1999.9728134155075, 2000.0, 2000.0000000000002], [0.0, 0.0, 0.0, 0.0, 0.0, 0.0, 0.0, 0.0, 0.0, 0.0, 2400.0, 3662.5076686179514, 4400.0, 3206.1714873155042, 2400.0, 2400.0, 4399.999999999999, 3542.604115099289, 2400.0000000000005, 4400.0]]]"
14,2600.0,30.0,132823.35983765792,136890.56168374605,3.0621133594717342,137056.9900024672,136870.21190938592,-0.13627768498193749,269880.3498401251,273760.773593132,1.437831155660492,False,"[[[0.0, 222.22222222222223, 444.44444444444446, 666.6666666666667, 888.8888888888889, 1111.111111111111, 1333.3333333333335, 1555.5555555555557, 1777.7777777777778, 2000.0, 1.602205871505892e-13, 2.1835923452002944e-13, 1.5276260695167904e-13, 365.96627651777123, 697.6237832794898, 1236.4091797419971, 2000.0000000000002, 1246.2448026862412, 1999.9999999758097, 2000.0000000000002], [0.0, 0.0, 0.0, 0.0, 0.0, 0.0, 0.0, 0.0, 0.0, 0.0, 3734.638067950693, 4600.0, 2600.0, 3079.002649334475, 4600.0, 4205.852352837453, 4599.997065658989, 2600.0, 3675.7495514919588, 2600.0]]]"
15,2800.0,30.0,131012.42925623334,136513.32263725245,4.198756875395764,137123.29043339414,137609.70678187304,0.3547291980388793,268135.7196896275,274123.02941912547,2.232939996367649,False,"[[[0.0, 222.22222222222223, 444.44444444444446, 666.6666666666667, 888.8888888888889, 1111.111111111111, 1333.3333333333335, 1555.5555555555557, 1777.7777777777778, 2000.0, 1.7145055188062946e-13, 1.7145060391218545e-13, 3.5816961368763416e-13, 1005.0291339807563, 550.765259663187, 935.7144212138506, 1999.999999999999, 1515.2288858864547, 2000.0000000000002, 2000.0000000000002], [0.0, 0.0, 0.0, 0.0, 0.0, 0.0, 0.0, 0.0, 0.0, 0.0, 2800.000000000001, 4800.0, 3679.398282508733, 3696.178676289568, 4591.312408202723, 2800.0, 2800.0, 4253.483249074388, 3701.706464491459, 4800.0]]]"
16,3000.0,30.0,133706.9889707914,138319.43546702023,3.4496674644557532,138443.2450037441,137729.4559928553,-0.5155824040887489,272150.2339745355,276048.89145987557,1.4325387226030717,False,"[[[0.0, 222.22222222222223, 444.44444444444446, 666.6666666666667, 888.8888888888889, 1111.111111111111, 1333.3333333333335, 1555.5555555555557, 1777.7777777777778, 2000.0, 1.936415349794855e-13, 1.9821266693617552e-13, 1.9204376717443938e-13, 654.4820664851904, 1010.5937334799765, 1328.4831661756298, 697.3955433802604, 1373.8755510843307, 2000.0000000000002, 2000.0000000000002], [0.0, 0.0, 0.0, 0.0, 0.0, 0.0, 0.0, 0.0, 0.0, 0.0, 5000.0, 4004.5510647989768, 3000.0, 5000.0, 3982.4700269131613, 5000.0, 3000.0, 3000.0, 3000.0, 5000.0]]]"
17,3200.0,30.0,132059.53744575827,138278.63326575348,4.7093121332108465,139302.2206307881,138692.20343684638,-0.4379091669748269,271361.7580765463,276970.83670259983,2.067011455781954,False,"[[[0.0, 222.22222222222223, 444.44444444444446, 666.6666666666667, 888.8888888888889, 1111.111111111111, 1333.3333333333335, 1555.5555555555557, 1777.7777777777778, 2000.0, 2.1463533540124732e-13, 666.6401047700068, 1.963675792229057e-13, 1.9594348786357651e-13, 661.0825139718779, 1347.145386738667, 1334.5832712395766, 1332.7246449876882, 2000.0000000000002, 2000.0000000000002], [0.0, 0.0, 0.0, 0.0, 0.0, 0.0, 0.0, 0.0, 0.0, 0.0, 5200.0, 5200.0, 4196.835740206274, 3200.0, 3200.0, 4176.704309555106, 3200.0000000000023, 5200.0, 3200.0, 5199.999999999999]]]"
18,3400.0,30.0,130387.4289471636,136102.35292125825,4.383032950523541,139965.77519312772,139658.31612255244,-0.21966732235151024,270353.2041402913,275760.6690438107,2.000148258170204,False,"[[[0.0, 222.22222222222223, 444.44444444444446, 666.6666666666667, 888.8888888888889, 1111.111111111111, 1333.3333333333335, 1555.5555555555557, 1777.7777777777778, 2000.0, 2.2476857398343142e-13, 0.6807264534392112, 1.8121316590528384e-07, 776.3810826607264, 875.927435958789, 952.3321050673587, 1416.1173599830404, 1996.5052628568556, 1968.687147962234, 1999.9970953247769], [0.0, 0.0, 0.0, 0.0, 0.0, 0.0, 0.0, 0.0, 0.0, 0.0, 3400.0, 4250.292545226906, 5400.0, 3400.0, 4722.091399618707, 5400.0, 4348.006098952612, 5399.997262797212, 3400.0, 3989.998385654104]]]"
19,3600.0,30.0,131155.3367583741,137815.89008728936,5.078370040851578,140754.71517010115,140005.14044138222,-0.5325396934753295,271910.0519284752,277821.0305286715,2.173872778249171,False,"[[[0.0, 222.22222222222223, 444.44444444444446, 666.6666666666667, 888.8888888888889, 1111.111111111111, 1333.3333333333335, 1555.5555555555557, 1777.7777777777778, 2000.0, 5.597665678703193e-13, 4.765981896530794e-13, 517.6726929824792, 2.8010467557151805e-13, 1282.4618994060636, 1145.7619520617982, 1999.9999999999998, 830.0169933112081, 2000.0, 2000.0000000000002], [0.0, 0.0, 0.0, 0.0, 0.0, 0.0, 0.0, 0.0, 0.0, 0.0, 5600.0, 4438.77368877887, 5600.0, 3600.0000000000005, 4362.431810442036, 5600.0, 4356.6052396139785, 3600.0000000000005, 5600.0, 3600.000000000001]]]"
20,3800.0,30.0,135307.67616010318,136947.03457469912,1.211578279310755,140599.02552152742,140182.27701529974,-0.29640924229867693,275906.7016816306,277129.3115899989,0.44312439709385393,False,"[[[0.0, 222.22222222222223, 444.44444444444446, 666.6666666666667, 888.8888888888889, 1111.111111111111, 1333.3333333333335, 1555.5555555555557, 1777.7777777777778, 2000.0, 4.5371916950368476e-08, 0.21422271955554625, 5.892996518910943e-13, 676.1052157818093, 1063.7575928135163, 817.0453735421337, 1353.4216700721356, 1449.7730637602829, 2000.0, 1999.8933953584176], [0.0, 0.0, 0.0, 0.0, 0.0, 0.0, 0.0, 0.0, 0.0, 0.0, 3800.0000000000005, 4989.11862099844, 5800.0, 3800.0000000000005, 5800.0, 4509.226107632716, 3800.0000000000005, 5102.440890803432, 5799.930472551896, 3800.0]]]"
21,2000.0,45.0,128338.93990489874,137089.20546554332,6.81809088272715,127915.26315093756,127389.35165867516,-0.41114053108879894,256254.2030558363,264478.5571242185,3.2094513847213535,False,"[[[0.0, 222.22222222222223, 444.44444444444446, 666.6666666666667, 888.8888888888889, 1111.111111111111, 1333.3333333333335, 1555.5555555555557, 1777.7777777777778, 2000.0, 1.2553875138231912e-13, 2.436127663276658e-13, 701.9043899409979, 770.2971789529081, 7.026959019430235e-13, 1161.3802077170287, 1988.0684228514424, 2000.0000000000002, 2000.0000000000002, 2000.0000000000002], [0.0, 0.0, 0.0, 0.0, 0.0, 0.0, 0.0, 0.0, 0.0, 0.0, 4000.0, 2000.0, 4000.0, 2000.0, 3007.876511186451, 3168.726477789862, 2000.0, 2595.012473226016, 4000.0, 3290.827667579353]]]"
22,2200.0,45.0,131025.32414796742,137138.1733733735,4.665395231919293,128888.72765908236,127994.08408073487,-0.6941208859737281,259914.0518070498,265132.2574541084,2.0076658459898797,False,"[[[0.0, 222.22222222222223, 444.44444444444446, 666.6666666666667, 888.8888888888889, 1111.111111111111, 1333.3333333333335, 1555.5555555555557, 1777.7777777777778, 2000.0, 0.0006921368634703773, 666.8627121852655, 142.82821920486856, 362.23955148545355, 0.030140251673582467, 1375.7968841206384, 1014.2601147764128, 2000.0000000000002, 2000.0000000000002, 1999.999999942925], [0.0, 0.0, 0.0, 0.0, 0.0, 0.0, 0.0, 0.0, 0.0, 0.0, 2200.327609875012, 2200.0, 3686.8285677849744, 3104.9984348534263, 4200.0, 2200.0, 4200.0, 2200.0, 4200.0, 3265.2871030486895]]]"
23,2400.0,45.0,128917.22096123017,136957.42159173035,6.236715754924743,130897.37158755383,129498.38212697272,-1.068768183511894,259814.59254878404,266455.80371870304,2.556134782411043,False,"[[[0.0, 222.22222222222223, 444.44444444444446, 666.6666666666667, 888.8888888888889, 1111.111111111111, 1333.3333333333335, 1555.5555555555557, 1777.7777777777778, 2000.0, 1.4695761589768238e-13, 2.2040907940775308e-13, 1.4695761854867525e-13, 790.7772195019426, 896.6558546068468, 947.535908957231, 2000.0, 1914.5515373968803, 2000.0000000000002, 1966.4013862361576], [0.0, 0.0, 0.0, 0.0, 0.0, 0.0, 0.0, 0.0, 0.0, 0.0, 4399.999999999999, 3245.102772361724, 2400.0000000000005, 2400.0, 3412.9853716090515, 4400.0, 3692.677176301545, 2400.0000000000005, 4400.0, 3039.047068519999]]]"
24,2600.0,45.0,130767.38729861533,136956.30674435495,4.732769824028713,129147.74618986639,129864.33917004673,0.5548629390147041,259915.13348848172,266820.6459144017,2.6568335337911315,False,"[[[0.0, 222.22222222222223, 444.44444444444446, 666.6666666666667, 888.8888888888889, 1111.111111111111, 1333.3333333333335, 1555.5555555555557, 1777.7777777777778, 2000.0, 1.6845833757686834e-13, 1.6919455159645872e-13, 525.4251832777009, 722.8438833927131, 254.47763266548637, 1217.5332467610467, 1413.8750436020316, 1766.2522088186438, 2000.0000000000002, 2000.0000000000002], [0.0, 0.0, 0.0, 0.0, 0.0, 0.0, 0.0, 0.0, 0.0, 0.0, 4600.0, 3263.4339702860907, 3706.406185184685, 4599.999999999999, 2600.0000000000005, 2600.0, 4599.999999999999, 3542.3889584193416, 4599.999999999999, 2600.0]]]"
25,2800.0,45.0,131153.65606266452,135335.30651690843,3.1883598061848435,131410.96155031456,131341.22403326357,-0.05306826479942484,262564.6176129791,266676.53055017197,1.5660575193165809,False,"[[[0.0, 222.22222222222223, 444.44444444444446, 666.6666666666667, 888.8888888888889, 1111.111111111111, 1333.3333333333335, 1555.5555555555557, 1777.7777777777778, 2000.0, 11.854527175911427, 2.2294658156855546e-13, 1.7219159289272441e-13, 2.5283181766415594e-13, 1097.2817071840216, 2.012814707140971e-13, 1074.353729569902, 2000.0000000000002, 1997.6140145793452, 2000.0000000000002], [0.0, 0.0, 0.0, 0.0, 0.0, 0.0, 0.0, 0.0, 0.0, 0.0, 2800.000000000001, 3722.675746525522, 4281.7458699614135, 4800.0, 3669.224329000077, 3213.456901026076, 4800.0, 3631.1869951702492, 2800.0, 4800.0]]]"
26,3000.0,45.0,129554.85080617927,137812.9989097406,6.374248476358434,131414.5943142789,131159.27773489713,-0.1942832763088469,260969.4451204582,268972.27664463775,3.066577974477282,False,"[[[0.0, 222.22222222222223, 444.44444444444446, 666.6666666666667, 888.8888888888889, 1111.111111111111, 1333.3333333333335, 1555.5555555555557, 1777.7777777777778, 2000.0, 2.1563734330177974e-13, 1.8369787413219573e-13, 1.8369892605001627e-13, 655.0700326129759, 793.6027531405966, 910.1212938204889, 1999.9998022722962, 1336.2544218623532, 2000.0000000000002, 2000.0000000000002], [0.0, 0.0, 0.0, 0.0, 0.0, 0.0, 0.0, 0.0, 0.0, 0.0, 3000.0, 3906.152499656824, 5000.0, 5000.0, 3862.9900083622665, 3000.0, 3881.392817734334, 5000.0, 4999.999996876182, 3000.0]]]"
27,3200.0,45.0,128354.19919170823,137087.1808790503,6.803814555609985,132071.19194327557,131424.26868037463,-0.48982919998086155,260425.39113498383,268511.44955942495,3.104942413334015,False,"[[[0.0, 222.22222222222223, 444.44444444444446, 666.6666666666667, 888.8888888888889, 1111.111111111111, 1333.3333333333335, 1555.5555555555557, 1777.7777777777778, 2000.0, 2.0919032366813796e-13, 2.0045872254491586e-13, 2.489938088273651e-13, 762.6701946705923, 2.1971440084849565e-13, 1330.0796211289257, 1117.8448430289463, 2000.0000000000002, 2000.0000000000002, 2000.0000000000002], [0.0, 0.0, 0.0, 0.0, 0.0, 0.0, 0.0, 0.0, 0.0, 0.0, 3200.0, 3871.178689532877, 5200.0, 3200.0, 4541.830317176753, 3675.6136949867946, 5200.0, 3200.0, 5200.0, 4226.900728876213]]]"
28,3400.0,45.0,129785.33766342713,137252.92275090318,5.753797171481552,132336.02931712376,131992.85335525702,-0.259321640249891,262121.3669805509,269245.7761061602,2.7179810664339765,False,"[[[0.0, 222.22222222222223, 444.44444444444446, 666.6666666666667, 888.8888888888889, 1111.111111111111, 1333.3333333333335, 1555.5555555555557, 1777.7777777777778, 2000.0, 3.6135519110534602e-09, 4.3829275411808447e-08, 4.3677936881589106e-09, 5.593031771397616e-09, 729.8957208987302, 1382.0741896455108, 1461.7762477831482, 1999.9994763397247, 1076.5543047313224, 2000.0000000000002], [0.0, 0.0, 0.0, 0.0, 0.0, 0.0, 0.0, 0.0, 0.0, 0.0, 5399.999999999999, 4005.8926390413735, 4676.806130167, 3400.0, 5399.999999972525, 5399.999999999999, 4239.408597585841, 5400.0, 3400.0, 3400.0]]]"
29,3600.0,45.0,127570.06597212418,137352.21994532636,7.668063741018769,132968.81373583034,132365.9679628335,-0.45337380703005437,260538.8797079545,269718.18790815986,3.523200917457965,False,"[[[0.0, 222.22222222222223, 444.44444444444446, 666.6666666666667, 888.8888888888889, 1111.111111111111, 1333.3333333333335, 1555.5555555555557, 1777.7777777777778, 2000.0, 3.161797514544112e-13, 2.497127987073274e-13, 316.4714067961817, 473.62410582910064, 996.1877912385855, 787.0422409910825, 1501.8857333989065, 1535.6117638601281, 2000.0000000000002, 2000.0000000000002], [0.0, 0.0, 0.0, 0.0, 0.0, 0.0, 0.0, 0.0, 0.0, 0.0, 3600.0000000000005, 5600.0, 3959.1522005185902, 5600.0, 5600.0, 4504.240574194863, 3600.0000000000005, 5600.0, 4256.766706024594, 5600.0]]]"
30,3800.0,45.0,129549.26936524619,137915.5019690981,6.457954294025767,132572.4259331075,132441.24712207785,-0.09894878977008145,262121.6952983537,270356.74909117597,3.141691031506915,False,"[[[0.0, 222.22222222222223, 444.44444444444446, 666.6666666666667, 888.8888888888889, 1111.111111111111, 1333.3333333333335, 1555.5555555555557, 1777.7777777777778, 2000.0, 2.7357296767324607e-13, 2.5155206430431407e-13, 3.1962952579283303e-13, 680.8157272227468, 861.5181876803255, 1999.9999999998695, 1490.8531666234132, 1228.3969681451083, 2000.0000000000002, 2000.0000000000002], [0.0, 0.0, 0.0, 0.0, 0.0, 0.0, 0.0, 0.0, 0.0, 0.0, 4682.448549103194, 5799.999999999999, 3800.0, 5800.0, 3800.0, 5800.0, 3800.0, 5319.694068496998, 4769.7941978457475, 3800.0]]]"
31,2000.0,60.0,127686.8451678836,136196.46583495697,6.664445860405475,121593.83614167296,121527.2992368454,-0.05472062313260379,249280.68130955656,257723.76507180237,3.3869787734418098,False,"[[[0.0, 222.22222222222223, 444.44444444444446, 666.6666666666667, 888.8888888888889, 1111.111111111111, 1333.3333333333335, 1555.5555555555557, 1777.7777777777778, 2000.0, 3.381418337707173e-13, 0.12174175349606227, 81.20081701702041, 873.1288792400276, 308.75374746010334, 646.8592879606341, 1997.5773148859762, 1695.309191235118, 1999.3209365293844, 1999.864861054714], [0.0, 0.0, 0.0, 0.0, 0.0, 0.0, 0.0, 0.0, 0.0, 0.0, 3999.9999999919173, 2003.9842884953423, 2491.481328301002, 2008.9306578910891, 3186.3885196569963, 3999.999999999999, 2000.0641207303422, 3500.3397617008836, 2720.5084956717114, 3999.9999999987454]]]"
32,2200.0,60.0,130307.66980346272,137424.42643380785,5.461502489515023,122760.9715542051,122215.75202659628,-0.4441309975850714,253068.6413576678,259640.1784604041,2.596740974101407,False,"[[[0.0, 222.22222222222223, 444.44444444444446, 666.6666666666667, 888.8888888888889, 1111.111111111111, 1333.3333333333335, 1555.5555555555557, 1777.7777777777778, 2000.0, 3.425041262470721e-13, 1.8877272163648897e-13, 3.203356276820099e-13, 635.3137521254058, 883.6483246164274, 1251.1308653415063, 1304.6313357187055, 2000.0000000000002, 2000.0, 2000.0], [0.0, 0.0, 0.0, 0.0, 0.0, 0.0, 0.0, 0.0, 0.0, 0.0, 2200.0, 3176.34743794445, 4200.0, 4200.0, 2200.0, 2889.757638084562, 4200.0, 4200.0, 2200.0, 3258.428368089861]]]"
33,2400.0,60.0,132980.83060794993,137139.6523231469,3.12738437275812,123233.26211191092,122571.97644244689,-0.5366129713124914,256214.09271986084,259711.62876559378,1.3650833990451376,False,"[[[0.0, 222.22222222222223, 444.44444444444446, 666.6666666666667, 888.8888888888889, 1111.111111111111, 1333.3333333333335, 1555.5555555555557, 1777.7777777777778, 2000.0, 2.0608937141394122e-13, 2.0066167094066487e-13, 2.351474907260312e-13, 744.942215265214, 1142.9522813041096, 944.7315852747648, 1427.914953495843, 1722.7149788798934, 2000.0, 2000.0000000000002], [0.0, 0.0, 0.0, 0.0, 0.0, 0.0, 0.0, 0.0, 0.0, 0.0, 4400.0, 2400.0, 3524.2747107419495, 2400.0, 4400.0, 3390.4138080243897, 2400.0000000000005, 3319.0600781132284, 4400.0, 2400.0000000000005]]]"
34,2600.0,60.0,126083.31490639484,135195.09457513987,7.226792597822863,123251.03251940168,123737.3456071438,0.39457120788466205,249334.3474257965,258932.44018228364,3.8494867857480375,False,"[[[0.0, 222.22222222222223, 444.44444444444446, 666.6666666666667, 888.8888888888889, 1111.111111111111, 1333.3333333333335, 1555.5555555555557, 1777.7777777777778, 2000.0, 1.8813181257704966e-13, 0.00013516065835769312, 374.12507359392555, 326.29313750479594, 1029.971266802079, 1196.1207856970414, 1072.9758236107102, 1930.3191759154618, 1999.999609280769, 1999.9389545331578], [0.0, 0.0, 0.0, 0.0, 0.0, 0.0, 0.0, 0.0, 0.0, 0.0, 3730.9032812843902, 4600.0, 3436.128611579057, 2600.0, 4172.865291108594, 2600.0, 3036.6839683331577, 4600.0, 3657.470600029949, 2600.0]]]"
35,2800.0,60.0,129080.7295507436,137452.6070375677,6.4857686472348215,125025.36067934797,123831.64292842633,-0.954780489682541,254106.09023009162,261284.249965994,2.8248672550125047,False,"[[[0.0, 222.22222222222223, 444.44444444444446, 666.6666666666667, 888.8888888888889, 1111.111111111111, 1333.3333333333335, 1555.5555555555557, 1777.7777777777778, 2000.0, 2.1736427193501872e-13, 1.7681210914344245e-13, 264.89036450647075, 623.5691334558204, 581.4076697933265, 1303.3177201313958, 1325.2950546698048, 1320.7563791087239, 2000.0000000000002, 2000.0000000000002], [0.0, 0.0, 0.0, 0.0, 0.0, 0.0, 0.0, 0.0, 0.0, 0.0, 4799.999999372592, 2800.0, 3754.892193094221, 4800.0, 2800.0, 2800.0, 3809.0763593237266, 4800.0, 2800.0, 4800.0]]]"
36,3000.0,60.0,126902.08179003524,137515.6703341523,8.363604752897338,124688.19715818092,124442.57164676495,-0.19699178993210456,251590.27894821618,261958.2419809172,4.120971237857334,False,"[[[0.0, 222.22222222222223, 444.44444444444446, 666.6666666666667, 888.8888888888889, 1111.111111111111, 1333.3333333333335, 1555.5555555555557, 1777.7777777777778, 2000.0, 2.4940277084592195e-13, 2.060316784359599e-13, 0.19126104080150355, 678.2120686711094, 1373.209497204526, 773.3373931560017, 1999.9996243728988, 1999.993800553745, 1206.9294264270548, 1999.9943325648192], [0.0, 0.0, 0.0, 0.0, 0.0, 0.0, 0.0, 0.0, 0.0, 0.0, 3825.5021107126745, 4999.99991893879, 3000.0007929198096, 5000.0, 5000.0, 3818.010301900182, 5000.0, 3860.3172991536335, 3000.0, 3000.0]]]"
37,3200.0,60.0,128721.19071144947,136987.69502285484,6.4220228741793965,125008.13935124496,124705.19099424643,-0.24234290548658927,253729.33006269444,261692.88601710126,3.138602838086986,False,"[[[0.0, 222.22222222222223, 444.44444444444446, 666.6666666666667, 888.8888888888889, 1111.111111111111, 1333.3333333333335, 1555.5555555555557, 1777.7777777777778, 2000.0, 2.407076090078022e-13, 0.058932859974932215, 1.9719999489354085e-13, 368.96563576203476, 700.8812414082273, 1012.0959418209619, 2000.0000000000002, 1383.3062683870621, 1786.6970304469685, 2000.0000000000002], [0.0, 0.0, 0.0, 0.0, 0.0, 0.0, 0.0, 0.0, 0.0, 0.0, 3200.0, 4544.057272326536, 5200.0, 3921.404819218344, 3200.0, 5200.0, 5200.0, 3200.0, 4356.391047318764, 3200.0]]]"
38,3400.0,60.0,128109.01141390091,137578.92842461995,7.392077189732711,125769.36444438537,125300.99415942768,-0.3724041121037914,253878.3758582863,262879.9225840476,3.545613798469355,False,"[[[0.0, 222.22222222222223, 444.44444444444446, 666.6666666666667, 888.8888888888889, 1111.111111111111, 1333.3333333333335, 1555.5555555555557, 1777.7777777777778, 2000.0, 2.0818995585505005e-13, 3.462584234539617e-13, 658.3115068520201, 2.8798645288396873e-13, 840.8221475893306, 1321.4901803397138, 968.7542566790424, 2000.0000000000002, 2000.0000000000002, 2000.0000000000002], [0.0, 0.0, 0.0, 0.0, 0.0, 0.0, 0.0, 0.0, 0.0, 0.0, 5400.0, 4243.530544396508, 5400.0, 3400.000000000001, 4223.3972586465225, 5399.999999999999, 3400.0, 3400.0, 4234.47671374352, 5400.0]]]"
39,3600.0,60.0,129832.89608743048,136683.114509434,5.276180866666131,125841.75571400335,125721.80516691235,-0.0953185581450416,255674.65180143382,262404.91967634636,2.6323563276579733,False,"[[[0.0, 222.22222222222223, 444.44444444444446, 666.6666666666667, 888.8888888888889, 1111.111111111111, 1333.3333333333335, 1555.5555555555557, 1777.7777777777778, 2000.0, 3.29555218016225e-13, 2.234421703232307e-13, 324.1257293722751, 627.254988672156, 604.2397056964023, 885.2475254075162, 1981.5492285965759, 1999.997614717113, 1999.9926066178853, 2000.0000000000002], [0.0, 0.0, 0.0, 0.0, 0.0, 0.0, 0.0, 0.0, 0.0, 0.0, 3600.0000000000005, 5600.0, 4358.599612148613, 3600.0000000000005, 4968.004899128159, 5600.0, 3600.0000000000005, 4842.944670369743, 4148.660972886501, 5600.0]]]"
40,3800.0,60.0,127786.0100926955,137741.22613953686,7.790536725905968,125756.69885746886,125646.51474911976,-0.08761688987557083,253542.70895016438,263387.7408886566,3.8829875957613575,False,"[[[0.0, 222.22222222222223, 444.44444444444446, 666.6666666666667, 888.8888888888889, 1111.111111111111, 1333.3333333333335, 1555.5555555555557, 1777.7777777777778, 2000.0, 2.3410274375621214e-13, 2.3581388182423354e-13, 607.0522658963521, 562.8811133296933, 577.4375151499601, 1259.4104953322021, 1195.265898851533, 2000.0000000000002, 2000.0, 2000.0000000000002], [0.0, 0.0, 0.0, 0.0, 0.0, 0.0, 0.0, 0.0, 0.0, 0.0, 3800.0000000000014, 5799.999999999995, 5800.0, 3800.0035339036, 4757.5132983694575, 5800.0, 3800.0, 5799.999999999998, 3800.0000000000005, 4758.068219528696]]]"
41,2000.0,75.0,125978.19449518103,136296.82000127246,8.190802819043528,119717.65516224763,118552.73291706183,-0.9730580202285366,245695.84965742865,254849.5529183343,3.7256238856572272,False,"[[[0.0, 222.22222222222223, 444.44444444444446, 666.6666666666667, 888.8888888888889, 1111.111111111111, 1333.3333333333335, 1555.5555555555557, 1777.7777777777778, 2000.0, 1.2246467991473532e-13, 1.224646799167068e-13, 1.2246467991473532e-13, 700.6258060101828, 1030.9287293217735, 874.0777251282682, 1374.7031669595856, 1695.29323617483, 2000.0000000000002, 2000.0000000000002], [0.0, 0.0, 0.0, 0.0, 0.0, 0.0, 0.0, 0.0, 0.0, 0.0, 4000.0, 2917.912656726703, 2000.0, 4000.0, 3444.6631304178263, 2000.0, 2909.590502787572, 2424.2555062958695, 2000.0, 4000.0]]]"
42,2200.0,75.0,130852.09418962745,135303.64994457376,3.4019751709095565,119419.96576886502,119721.83094879641,0.252776140059904,250272.05995849243,255025.4808933702,1.899301478425566,False,"[[[0.0, 222.22222222222223, 444.44444444444446, 666.6666666666667, 888.8888888888889, 1111.111111111111, 1333.3333333333335, 1555.5555555555557, 1777.7777777777778, 2000.0, 0.01697838149281995, 1.3489521250623485e-13, 438.8545390029899, 397.10384495309415, 972.1848699377258, 1139.3731768134635, 1275.4526762843018, 1372.4079053663208, 2000.0000000000002, 2000.0000000000002], [0.0, 0.0, 0.0, 0.0, 0.0, 0.0, 0.0, 0.0, 0.0, 0.0, 2200.0, 3589.190740458508, 2873.2244423307798, 4200.0, 2200.0, 2811.2778101744857, 3534.080384955265, 4200.0, 4200.0, 2200.0]]]"
43,2400.0,75.0,127318.77863545499,136974.3544252398,7.583779779596468,120508.86312508713,120321.10764826868,-0.15580221400276642,247827.64176054212,257295.46207350848,3.820324579497241,False,"[[[0.0, 222.22222222222223, 444.44444444444446, 666.6666666666667, 888.8888888888889, 1111.111111111111, 1333.3333333333335, 1555.5555555555557, 1777.7777777777778, 2000.0, 1.8519329000461307e-13, 1.4701132682287674e-13, 1.8743330696645994e-13, 582.0066421422612, 1248.2819598160827, 878.2385012081872, 1999.9865724324222, 1009.7122579624621, 2000.0000000000002, 2000.0000000000002], [0.0, 0.0, 0.0, 0.0, 0.0, 0.0, 0.0, 0.0, 0.0, 0.0, 4400.0, 3355.7008955095876, 2400.0, 4400.0, 4399.999999999999, 2915.60137024918, 3443.777411477242, 2400.0, 4399.999999999999, 2400.0]]]"
44,2600.0,75.0,124641.66572147077,137279.82848477858,10.139597132430465,121498.07555977494,120587.03709154525,-0.7498377764687073,246139.74128124572,257866.86557632385,4.764417250962497,False,"[[[0.0, 222.22222222222223, 444.44444444444446, 666.6666666666667, 888.8888888888889, 1111.111111111111, 1333.3333333333335, 1555.5555555555557, 1777.7777777777778, 2000.0, 1.5920408388915592e-13, 1.6301390688129876e-13, 560.8969363878329, 2000.0000000000002, 944.3401703285285, 3.0826489516670784e-13, 1221.2216205297816, 1986.2293482957682, 2000.0000000000002, 2000.0000000000002], [0.0, 0.0, 0.0, 0.0, 0.0, 0.0, 0.0, 0.0, 0.0, 0.0, 4600.0, 2600.0, 2600.0, 3927.3566895946938, 4600.0, 3720.802949002233, 2600.0, 2600.0, 4600.0, 3289.149889069366]]]"
45,2800.0,75.0,129031.67574195503,136684.37646819372,5.930869828849625,121066.35817513193,121401.60631165837,0.27691271264761824,250098.03391708698,258085.9827798521,3.193927092371019,False,"[[[0.0, 222.22222222222223, 444.44444444444446, 666.6666666666667, 888.8888888888889, 1111.111111111111, 1333.3333333333335, 1555.5555555555557, 1777.7777777777778, 2000.0, 1.7149793282794102e-13, 1.7145056397004183e-13, 696.9821247695438, 2.5334317444406917e-13, 820.1063288250422, 1130.0937660411541, 2000.0000000000002, 1999.9601801209858, 1972.2820793557669, 1996.3403310266847], [0.0, 0.0, 0.0, 0.0, 0.0, 0.0, 0.0, 0.0, 0.0, 0.0, 4800.0, 2800.0000000509294, 4800.0, 3559.166680519893, 3197.6096984953924, 4253.578374191155, 4800.0, 3920.5283898198654, 2800.0, 3307.771717402747]]]"
46,3000.0,75.0,126610.30868131218,136490.6407803654,7.803734310389179,121197.82052901923,120942.50432998184,-0.21066071809126288,247808.1292103314,257433.14511034722,3.8840597887918493,False,"[[[0.0, 222.22222222222223, 444.44444444444446, 666.6666666666667, 888.8888888888889, 1111.111111111111, 1333.3333333333335, 1555.5555555555557, 1777.7777777777778, 2000.0, 1.83727584681276e-13, 481.34169786205933, 2.869468580198611e-13, 423.93531770879474, 987.6760561059789, 974.0639560893075, 1477.3461809501819, 1497.528656638622, 2000.0000000000002, 2000.0000000000002], [0.0, 0.0, 0.0, 0.0, 0.0, 0.0, 0.0, 0.0, 0.0, 0.0, 3000.0, 3000.0, 5000.0, 4130.48160873377, 5000.0, 3000.0, 4149.269786230591, 3000.0, 5000.0, 3000.0]]]"
47,3200.0,75.0,130684.74979736545,135610.35007091836,3.769070439504489,122289.51938329401,122045.26703178024,-0.19973285752167252,252974.2691806595,257655.61710269863,1.8505233505372773,False,"[[[0.0, 222.22222222222223, 444.44444444444446, 666.6666666666667, 888.8888888888889, 1111.111111111111, 1333.3333333333335, 1555.5555555555557, 1777.7777777777778, 2000.0, 1.977472629147861e-13, 10.762611241594774, 396.41885667080373, 573.894474844824, 816.1768839531259, 1136.7984360290966, 1375.3864887146863, 1324.818044576671, 1999.9547840937778, 1999.9868473639863], [0.0, 0.0, 0.0, 0.0, 0.0, 0.0, 0.0, 0.0, 0.0, 0.0, 5199.999657402715, 3915.337542687569, 3200.0004529418243, 5200.0, 3862.350272988961, 4564.2524568269155, 5200.0, 3200.0, 3770.6668059703093, 5200.0]]]"
48,3400.0,75.0,131640.43418675972,136675.84687463753,3.825126162022536,122232.33007009012,122114.03917663926,-0.09677545489235913,253872.76425684986,258789.8860512768,1.936844942316123,False,"[[[0.0, 222.22222222222223, 444.44444444444446, 666.6666666666667, 888.8888888888889, 1111.111111111111, 1333.3333333333335, 1555.5555555555557, 1777.7777777777778, 2000.0, 3.430423403755034e-09, 2.082184982902689e-13, 7.958859629577236e-07, 862.8026498276588, 518.8680865251761, 1179.3560242124738, 1712.5629131207065, 1999.9999999999998, 1999.9999040275331, 2000.0000000000002], [0.0, 0.0, 0.0, 0.0, 0.0, 0.0, 0.0, 0.0, 0.0, 0.0, 3400.000000006517, 5399.99966112056, 4271.323166945897, 3400.0, 5229.855970087277, 4933.836403696141, 3858.5131497743982, 3400.0, 4649.182775397321, 5400.0]]]"
49,3600.0,75.0,129369.42228231797,137051.86655122854,5.938377194067898,122610.01181035404,122310.27991195465,-0.24445956245644745,251979.434092672,259362.1464631832,2.9298868763218264,False,"[[[0.0, 222.22222222222223, 444.44444444444446, 666.6666666666667, 888.8888888888889, 1111.111111111111, 1333.3333333333335, 1555.5555555555557, 1777.7777777777778, 2000.0, 2.841073886386899e-13, 2.229918274856371e-13, 3.6198342265463595e-13, 690.4984132027935, 718.5335339319745, 1396.4603724354313, 1087.7407444126054, 2000.0, 2000.0000000000002, 2000.0000000000002], [0.0, 0.0, 0.0, 0.0, 0.0, 0.0, 0.0, 0.0, 0.0, 0.0, 4622.067877881881, 5600.0, 3600.0000000000005, 4277.265403808294, 5600.0, 4987.870837757681, 3600.0000000000005, 5600.0, 4499.235811093832, 3600.0000000000005]]]"
50,3800.0,75.0,130025.32284465204,137222.81762615757,5.535456189641423,122709.76790724421,122430.66358269576,-0.2274507802503716,252735.09075189623,259653.4812088533,2.737407946152078,False,"[[[0.0, 222.22222222222223, 444.44444444444446, 666.6666666666667, 888.8888888888889, 1111.111111111111, 1333.3333333333335, 1555.5555555555557, 1777.7777777777778, 2000.0, 2.326828918379971e-13, 2.326828919890384e-13, 2.3268699721812155e-13, 965.8300881652995, 672.2541055851382, 584.7775984751866, 2000.0000000000002, 1360.7914038983195, 2000.0000000000002, 2000.0000000000002], [0.0, 0.0, 0.0, 0.0, 0.0, 0.0, 0.0, 0.0, 0.0, 0.0, 3800.0, 4654.301021763233, 5800.0, 5800.0, 3800.0, 4983.322840430655, 4867.947607078013, 3800.0, 3800.0, 5800.0]]]"
51,2000.0,90.0,127323.89094704551,135754.0163263539,6.621008293576675,118346.21924337008,118201.57599811543,-0.1222204191899108,245670.11019041558,253955.59232446935,3.3726048836921225,False,"[[[0.0, 222.22222222222223, 444.44444444444446, 666.6666666666667, 888.8888888888889, 1111.111111111111, 1333.3333333333335, 1555.5555555555557, 1777.7777777777778, 2000.0, 1.360749909312281e-13, 0.00017961198861253145, 52.63034476118973, 407.5346392297993, 754.1767366517715, 1330.1012972405645, 1119.8487338336183, 1999.2702308001146, 1999.9649031456506, 1999.9862680880244], [0.0, 0.0, 0.0, 0.0, 0.0, 0.0, 0.0, 0.0, 0.0, 0.0, 3193.7522661956796, 4000.0, 2000.0, 2691.617264361139, 3672.5291407189475, 3373.1551000833724, 2000.0000000105667, 2000.0775995400343, 4000.0, 2997.110061058188]]]"
52,2200.0,90.0,129500.51835954777,136228.32186398137,5.195194266137525,119352.95233199194,118741.75874331019,-0.5120892083018248,248853.47069153973,254970.08060729157,2.457916258412784,False,"[[[0.0, 222.22222222222223, 444.44444444444446, 666.6666666666667, 888.8888888888889, 1111.111111111111, 1333.3333333333335, 1555.5555555555557, 1777.7777777777778, 2000.0, 1.347133206009928e-13, 2.148840755273484e-13, 754.9531544935401, 529.9068354131994, 2.9969990880966807e-13, 1056.8102355803508, 1386.948318363686, 2000.0000000000002, 2000.0000000000002, 1999.9992505231169], [0.0, 0.0, 0.0, 0.0, 0.0, 0.0, 0.0, 0.0, 0.0, 0.0, 2922.5823190198084, 2200.0, 2545.0401569573287, 3549.770057091096, 4200.0, 4200.0, 2200.0, 2200.0, 4200.0, 3223.3443777647135]]]"
53,2400.0,90.0,129748.57336205903,136582.0474884632,5.266704634459129,119552.87188534903,119430.2377300398,-0.102577339527938,249301.4452474081,256012.28521850298,2.691857628195863,False,"[[[0.0, 222.22222222222223, 444.44444444444446, 666.6666666666667, 888.8888888888889, 1111.111111111111, 1333.3333333333335, 1555.5555555555557, 1777.7777777777778, 2000.0, 1.578865800701486e-13, 3.9285840709809246e-13, 478.51271691197377, 2.1248810481392575e-13, 989.5277037054353, 1008.4037586484379, 998.740016787216, 2000.0, 2000.0000000000002, 2000.0000000000002], [0.0, 0.0, 0.0, 0.0, 0.0, 0.0, 0.0, 0.0, 0.0, 0.0, 3163.170418025452, 4400.0, 3787.333659516819, 2400.0, 2400.0, 4400.0, 3262.1656078194487, 2400.0, 3385.1855135516394, 4400.0]]]"
54,2600.0,90.0,127736.75548848174,136328.7185652032,6.72630445627391,120121.44856179207,119722.80042374664,-0.33187090467058866,247858.2040502738,256051.51898894983,3.305646052778687,False,"[[[0.0, 222.22222222222223, 444.44444444444446, 666.6666666666667, 888.8888888888889, 1111.111111111111, 1333.3333333333335, 1555.5555555555557, 1777.7777777777778, 2000.0, 1.9322587214941277e-13, 4.096647269371074e-13, 0.007321105730115877, 639.9388729447353, 689.2095127440268, 1006.3243262778237, 1569.2284553112436, 2000.0000000000002, 2000.0000000000002, 2000.0000000000002], [0.0, 0.0, 0.0, 0.0, 0.0, 0.0, 0.0, 0.0, 0.0, 0.0, 4599.999999999999, 3568.2691167882026, 2600.0, 3875.750766806234, 2618.0236084799008, 4600.0, 2870.1626597265795, 3791.672883065237, 4600.0, 2600.0]]]"
55,2800.0,90.0,124158.80591172681,136590.25260137868,10.01253724886035,120686.4861399092,120360.85482774742,-0.2698158862495082,244845.292051636,256951.1074291261,4.944271248203979,False,"[[[0.0, 222.22222222222223, 444.44444444444446, 666.6666666666667, 888.8888888888889, 1111.111111111111, 1333.3333333333335, 1555.5555555555557, 1777.7777777777778, 2000.0, 2.8557743295818947e-13, 1.7145554291039733e-13, 307.892550067635, 653.9274979758952, 537.2230980655607, 785.8607322404429, 1999.9999999933634, 2000.0000000000002, 1999.1827574455956, 2000.0000000000002], [0.0, 0.0, 0.0, 0.0, 0.0, 0.0, 0.0, 0.0, 0.0, 0.0, 4800.0, 2800.0, 3930.7385178729915, 4800.0, 3363.6666762402106, 2800.0, 4155.502988951478, 4800.0, 2800.0, 3474.4867164855623]]]"
56,3000.0,90.0,123848.83320591113,136451.3023078007,10.17568658150918,121174.49123097844,120671.62329065478,-0.4149948848269653,245023.32443688958,257122.92559845548,4.938142599025251,False,"[[[0.0, 222.22222222222223, 444.44444444444446, 666.6666666666667, 888.8888888888889, 1111.111111111111, 1333.3333333333335, 1555.5555555555557, 1777.7777777777778, 2000.0, 5.243930774321795e-09, 8.488792286682372, 3.8601061898993053e-13, 637.267278539883, 5.651514826359135e-13, 1171.5978978673504, 1345.8167680429347, 1628.5514758670836, 2000.0000000000002, 2000.0000000000002], [0.0, 0.0, 0.0, 0.0, 0.0, 0.0, 0.0, 0.0, 0.0, 0.0, 4199.147848784634, 3000.0, 5000.0, 5000.0, 3533.4100131379478, 4111.38083962841, 4999.999999999999, 3473.9138160064285, 3000.0000000000005, 5000.0]]]"
57,3200.0,90.0,128210.35888482776,136483.34797165732,6.452668223369724,121122.23944953854,120957.83365024609,-0.13573543557287351,249332.5983343663,257441.18162190338,3.2521151833756976,False,"[[[0.0, 222.22222222222223, 444.44444444444446, 666.6666666666667, 888.8888888888889, 1111.111111111111, 1333.3333333333335, 1555.5555555555557, 1777.7777777777778, 2000.0, 4.159434701623959e-13, 3.527786180540549e-13, 829.3510927031658, 753.7040198666757, 669.0789616652077, 580.52893161563, 1263.4363120885387, 1999.9987808908024, 1999.9999999885404, 2000.0000000000002], [0.0, 0.0, 0.0, 0.0, 0.0, 0.0, 0.0, 0.0, 0.0, 0.0, 3200.000000000002, 5200.0, 3200.0, 3653.7846016172207, 4324.438047058805, 5200.0, 5199.999999999999, 3200.0, 4244.41838281909, 5199.999999999999]]]"
58,3400.0,90.0,126717.90451886535,136829.1634547201,7.979345124310688,121424.10435823475,121052.71478493253,-0.30586148875887087,248142.0088771001,257881.87823965264,3.925119090728608,False,"[[[0.0, 222.22222222222223, 444.44444444444446, 666.6666666666667, 888.8888888888889, 1111.111111111111, 1333.3333333333335, 1555.5555555555557, 1777.7777777777778, 2000.0, 3.2934939971381264e-13, 2.5975314137203096e-13, 1006.4708408600463, 354.6608342912535, 2.0818995606361233e-13, 1145.5804131285145, 2000.0000000000002, 2000.0000000000002, 2000.0000000000002, 2000.0000000000002], [0.0, 0.0, 0.0, 0.0, 0.0, 0.0, 0.0, 0.0, 0.0, 0.0, 5400.0, 4147.268050694142, 3400.0, 4989.125295184, 3400.0, 5400.0, 3400.0, 3956.53862747065, 4669.631154778873, 5400.0]]]"
59,3600.0,90.0,130429.1438006861,135723.64981647438,4.059296765666902,121282.44370796221,121082.92897784317,-0.16450421348654468,251711.5875086483,256806.57879431755,2.024138553213878,False,"[[[0.0, 222.22222222222223, 444.44444444444446, 666.6666666666667, 888.8888888888889, 1111.111111111111, 1333.3333333333335, 1555.5555555555557, 1777.7777777777778, 2000.0, 2.5811308771313125e-13, 2.3566875333933235e-13, 1.8455601340187409, 564.0480116267694, 944.5937175504255, 1043.69470187944, 1178.3918694526503, 1606.281306624244, 1999.999674381782, 2000.0000000000002], [0.0, 0.0, 0.0, 0.0, 0.0, 0.0, 0.0, 0.0, 0.0, 0.0, 5600.0, 3600.000000000001, 4622.252449170602, 3600.0000000000005, 5045.641021785912, 4139.598905460668, 5600.0, 3825.529930649466, 5595.616626175427, 3600.0000000000005]]]"
60,3800.0,90.0,129202.86358275032,136943.5255731017,5.991091664461249,121236.85150164102,121364.62080135988,0.10538817045832594,250439.7150843913,258308.14637446162,3.141846446925911,False,"[[[0.0, 222.22222222222223, 444.44444444444446, 666.6666666666667, 888.8888888888889, 1111.111111111111, 1333.3333333333335, 1555.5555555555557, 1777.7777777777778, 2000.0, 2.355637118084195e-13, 2.778362056766808e-13, 3.1694965703866803e-13, 547.2232612184597, 924.0615624653168, 1125.3326432861315, 1320.9617807055647, 2000.0, 2000.0000000000002, 2000.0000000000002], [0.0, 0.0, 0.0, 0.0, 0.0, 0.0, 0.0, 0.0, 0.0, 0.0, 3800.0, 4853.525462266877, 5800.0, 4318.7144235760725, 5799.984274726679, 3800.0, 5083.744942008853, 4682.740654139673, 3800.0, 5800.0]]]"
