,i,distance,angle,mean of wind direction,variance of wind direction,flexible farm base power,flexible farm opt power,flexible_percent_gain,fixed farm base power,fixed farm opt power,fixed_percent_gain,total farm base power,total farm opt power,total_percent_gain,overlap_flag,optimal position
0,0,2001.0,90,0,0.0,148160.21439816206,112598.20706964345,-24.002400018773027,105181.83432369071,115067.67271045959,9.39880774121681,253342.04872185277,227665.87978010307,-10.134981173196348,False,"[[2001.0, 2223.222222222222, 2445.4444444444443, 2667.666666666667, 2889.8888888888887, 3112.1111111111113, 3334.3333333333335, 3556.5555555555557, 3778.777777777778, 4001.0, 2001.000000000003, 2001.0000000000111, 2001.0000000000164, 2001.0000000000337, 2676.260800152087, 3297.645535253579, 4000.9999999999736, 3599.3893319605554, 3800.5683436374065, 4000.9999999771426], [3001.0, 3001.0, 3001.0, 3001.0, 3001.0, 3001.0, 3001.0, 3001.0, 3001.0, 3001.0, 6001.999999999927, 4473.237889109012, 5138.539106814829, 4002.0000000001114, 4760.883196305948, 4432.712191427432, 4084.3890561918397, 5200.339495985437, 5645.230500891308, 6001.999999999867]]"
1,1,2650.0,90,0,0.0,148160.21439816206,116147.25908760709,-21.606985006463443,117485.62357480265,124167.45707420063,5.687362671351599,265645.83797296474,240314.71616180774,-9.535674266327108,False,"[[2650.0, 2872.222222222222, 3094.4444444444443, 3316.666666666667, 3538.8888888888887, 3761.1111111111113, 3983.3333333333335, 4205.555555555556, 4427.777777777777, 4650.0, 2650.0, 2650.0000000000005, 3158.8197908580337, 2650.0000000000005, 4193.689295566584, 2650.0, 4017.711915447334, 3842.3659541779543, 4323.923377817702, 4649.999999878042], [3650.0, 3650.0, 3650.0, 3650.0, 3650.0, 3650.0, 3650.0, 3650.0, 3650.0, 3650.0, 6089.000008946745, 5300.000000000001, 5300.000000000001, 7299.999999999997, 5300.000000000001, 6649.316324518312, 7299.999999999999, 6461.009013256792, 5769.740194818709, 6646.6020671429305]]"
2,2,3150.0,90,0,0.0,148160.21439816206,148159.58232706666,-0.0004266132429477595,123255.2417546961,123228.54550246651,-0.021659324057560984,271415.45615285815,271388.1278295331,-0.010068816165588905,False,"[[3150.0, 3372.222222222222, 3594.4444444444443, 3816.666666666667, 4038.8888888888887, 4261.111111111111, 4483.333333333334, 4705.555555555556, 4927.777777777777, 5150.0, 3150.003520119132, 3370.138652026163, 3593.4575526941176, 3815.996531510921, 4038.5242080303888, 4259.612945970809, 4482.245983561008, 4703.005675126206, 4926.752497816386, 5149.995928154334], [4150.0, 4150.0, 4150.0, 4150.0, 4150.0, 4150.0, 4150.0, 4150.0, 4150.0, 4150.0, 7297.078833372839, 7295.919316889761, 7296.111592590672, 7294.576986239132, 7295.097263143722, 7294.540262040658, 7294.975883383895, 7295.46667536014, 7296.542138520982, 7299.239942530925]]"
3,3,4300.0,90,0,0.0,148160.21439816206,110820.13049742914,-25.20250395992686,131705.58722407973,135167.96393293593,2.628876103004972,279865.8016222418,245988.09443036508,-12.10498281515806,False,"[[4300.0, 4522.222222222223, 4744.444444444444, 4966.666666666667, 5188.888888888889, 5411.111111111111, 5633.333333333334, 5855.555555555556, 6077.777777777777, 6300.0, 6270.835107046061, 4303.424023762886, 4809.257432827943, 6298.610410847352, 5217.468475203854, 5791.345797639208, 6299.999201513278, 4300.000000491573, 6299.999482955064, 5101.418612222161], [5300.0, 5300.0, 5300.0, 5300.0, 5300.0, 5300.0, 5300.0, 5300.0, 5300.0, 5300.0, 9049.475524368288, 10033.787927716116, 9206.300385992086, 10599.99999970604, 10217.44743380474, 10373.602652474241, 9777.506416429598, 8600.000000025848, 8600.000001016266, 8600.000000049835]]"
4,4,12000.0,90,0,0.0,148160.21439816206,148160.21439816206,0.0,144057.92039097333,144424.27007107227,0.2543072113665562,292218.1347891354,292584.48446923436,0.12536856426220627,False,"[[12000.0, 12222.222222222223, 12444.444444444445, 12666.666666666666, 12888.888888888889, 13111.111111111111, 13333.333333333334, 13555.555555555555, 13777.777777777777, 14000.0, 12011.602643688786, 12011.602643688786, 12011.602643688786, 12011.602643688786, 12011.602643688786, 12011.602643688786, 12892.583589353597, 12011.602643688786, 13486.359747818398, 13988.397356311212], [13000.0, 13000.0, 13000.0, 13000.0, 13000.0, 13000.0, 13000.0, 13000.0, 13000.0, 13000.0, 24011.602643688784, 24011.602643688784, 24011.602643688784, 24011.602643688784, 24011.602643688784, 24011.602643688784, 24011.602643688784, 24011.602643688784, 24011.602643688784, 24011.602643688784]]"
5,5,2001.0,90,0,15.0,148149.0923883173,131483.51928490438,-11.249190146727578,119172.58126549704,123956.40231696935,4.014196051367509,267321.6736538144,255439.9216018738,-4.444739511592193,False,"[[2001.0, 2223.222222222222, 2445.4444444444443, 2667.666666666667, 2889.8888888888887, 3112.1111111111113, 3334.3333333333335, 3556.5555555555557, 3778.777777777778, 4001.0, 2001.000000000003, 2001.0000000000111, 2001.0000000000164, 2001.0000000000337, 2676.260800152087, 3297.645535253579, 4000.9999999999736, 3599.3893319605554, 3800.5683436374065, 4000.9999999771426], [3001.0, 3001.0, 3001.0, 3001.0, 3001.0, 3001.0, 3001.0, 3001.0, 3001.0, 3001.0, 6001.999999999927, 4473.237889109012, 5138.539106814829, 4002.0000000001114, 4760.883196305948, 4432.712191427432, 4084.3890561918397, 5200.339495985437, 5645.230500891308, 6001.999999999867]]"
6,6,2650.0,90,0,15.0,148149.09185132312,128393.32689885388,-13.33505639865507,125864.76360440608,130148.27186569961,3.4032624688801993,274013.8554557292,258541.5987645535,-5.646523481611115,False,"[[2650.0, 2872.222222222222, 3094.4444444444443, 3316.666666666667, 3538.8888888888887, 3761.1111111111113, 3983.3333333333335, 4205.555555555556, 4427.777777777777, 4650.0, 2650.0, 2650.0000000000005, 3158.8197908580337, 2650.0000000000005, 4193.689295566584, 2650.0, 4017.711915447334, 3842.3659541779543, 4323.923377817702, 4649.999999878042], [3650.0, 3650.0, 3650.0, 3650.0, 3650.0, 3650.0, 3650.0, 3650.0, 3650.0, 3650.0, 6089.000008946745, 5300.000000000001, 5300.000000000001, 7299.999999999997, 5300.000000000001, 6649.316324518312, 7299.999999999999, 6461.009013256792, 5769.740194818709, 6646.6020671429305]]"
7,7,3150.0,90,0,15.0,148149.09185826327,148148.9460895274,-9.839326994821953e-05,131454.9433962174,131422.87385660046,-0.0243958414863651,279604.03525448067,279571.8199461279,-0.011521760879974547,False,"[[3150.0, 3372.222222222222, 3594.4444444444443, 3816.666666666667, 4038.8888888888887, 4261.111111111111, 4483.333333333334, 4705.555555555556, 4927.777777777777, 5150.0, 3150.003520119132, 3370.138652026163, 3593.4575526941176, 3815.996531510921, 4038.5242080303888, 4259.612945970809, 4482.245983561008, 4703.005675126206, 4926.752497816386, 5149.995928154334], [4150.0, 4150.0, 4150.0, 4150.0, 4150.0, 4150.0, 4150.0, 4150.0, 4150.0, 4150.0, 7297.078833372839, 7295.919316889761, 7296.111592590672, 7294.576986239132, 7295.097263143722, 7294.540262040658, 7294.975883383895, 7295.46667536014, 7296.542138520982, 7299.239942530925]]"
8,8,4300.0,90,0,15.0,148149.09237431714,132288.11025982987,-10.706094691699171,138071.17106054645,138472.80743687216,0.29089083060618526,286220.2634348636,270760.917696702,-5.401205893893581,False,"[[4300.0, 4522.222222222223, 4744.444444444444, 4966.666666666667, 5188.888888888889, 5411.111111111111, 5633.333333333334, 5855.555555555556, 6077.777777777777, 6300.0, 6270.835107046061, 4303.424023762886, 4809.257432827943, 6298.610410847352, 5217.468475203854, 5791.345797639208, 6299.999201513278, 4300.000000491573, 6299.999482955064, 5101.418612222161], [5300.0, 5300.0, 5300.0, 5300.0, 5300.0, 5300.0, 5300.0, 5300.0, 5300.0, 5300.0, 9049.475524368288, 10033.787927716116, 9206.300385992086, 10599.99999970604, 10217.44743380474, 10373.602652474241, 9777.506416429598, 8600.000000025848, 8600.000001016266, 8600.000000049835]]"
9,9,12000.0,90,0,15.0,148149.09226373018,148160.21439812786,0.007507392875469135,146826.6074312661,146657.2784200315,-0.11532583514460638,294975.69969499635,294817.4928181594,-0.05363386780691942,False,"[[12000.0, 12222.222222222223, 12444.444444444445, 12666.666666666666, 12888.888888888889, 13111.111111111111, 13333.333333333334, 13555.555555555555, 13777.777777777777, 14000.0, 12011.602643688786, 12011.602643688786, 12011.602643688786, 12011.602643688786, 12011.602643688786, 12011.602643688786, 12892.583589353597, 12011.602643688786, 13486.359747818398, 13988.397356311212], [13000.0, 13000.0, 13000.0, 13000.0, 13000.0, 13000.0, 13000.0, 13000.0, 13000.0, 13000.0, 24011.602643688784, 24011.602643688784, 24011.602643688784, 24011.602643688784, 24011.602643688784, 24011.602643688784, 24011.602643688784, 24011.602643688784, 24011.602643688784, 24011.602643688784]]"
10,10,2001.0,90,0,30.0,143671.57856730762,140472.15957468716,-2.2268976401074236,103490.02018852989,122805.53175486377,18.664129672741794,247161.59875583753,263277.691329551,6.520467845668043,False,"[[2001.0, 2001.0, 2286.714285714286, 2572.4285714285716, 2858.142857142857, 3143.857142857143, 3429.5714285714284, 3715.285714285714, 4001.0, 4001.0, 3679.7635245438796, 2002.1546826826693, 2103.450218177216, 2001.0000000000039, 2233.9870913961513, 2762.458491245734, 3054.926845655223, 3353.6052739727243, 4000.9999999999986, 2482.9419946570847], [2001.0, 4001.0, 4001.0, 4001.0, 4001.0, 4001.0, 4001.0, 4001.0, 4001.0, 2001.0, 6002.0, 4422.531158427596, 4977.394920398937, 6001.999275105014, 6001.999999999999, 6002.0, 6002.0, 6002.0, 6002.0, 6001.999999999999]]"
11,11,2650.0,90,0,30.0,143851.07650614108,143617.0354165932,-0.16269679395683495,127109.76043744512,128256.49934571436,0.9021643218607014,270960.8369435862,271873.53476230754,0.33683754044182274,False,"[[2650.0, 2650.0, 2935.714285714286, 3221.4285714285716, 3507.142857142857, 3792.857142857143, 4078.5714285714284, 4364.285714285714, 4650.0, 4650.0, 2650.0, 2650.0000000000005, 2903.681555643871, 3196.8522189473397, 3477.9952619074925, 3755.257137174058, 4039.811689121625, 4341.134946237296, 4650.0, 4649.991136461983], [2650.0, 4650.0, 4650.0, 4650.0, 4650.0, 4650.0, 4650.0, 4650.0, 4650.0, 2650.0, 5470.0105198038345, 7300.0, 7299.999999999999, 7300.0, 7300.0, 7300.0, 7299.999999999999, 7300.0, 7300.0, 5469.664259474948]]"
12,12,3150.0,90,0,30.0,143852.47540027805,143680.24241733472,-0.11972889758350057,130354.04747358384,131729.04802193248,1.0548199883300813,274206.5228738619,275409.29043926724,0.4386356505306886,False,"[[3150.0, 3150.0, 3435.714285714286, 3721.4285714285716, 4007.142857142857, 4292.857142857143, 4578.571428571428, 4864.285714285714, 5150.0, 5150.0, 3150.0837093703435, 3150.0, 3393.759765485956, 3656.579017201716, 3926.580087710285, 4207.861846919171, 4499.785706489748, 4836.273817392892, 5150.0, 5149.0191348616845], [3150.0, 5150.0, 5150.0, 5150.0, 5150.0, 5150.0, 5150.0, 5150.0, 5150.0, 3150.0, 6422.182468661971, 8296.668891079808, 8300.0, 8300.0, 8300.0, 8300.0, 8299.88146539555, 8299.951422229853, 8299.917343471685, 6418.215941063248]]"
13,13,4300.0,90,0,30.0,143852.48410954032,143846.36918035644,-0.004250833221082686,136843.17993607232,136842.70096782435,-0.00035001250935468237,280695.6640456127,280689.07014818076,-0.0023491269287446953,False,"[[4300.0, 4300.0, 4585.714285714285, 4871.428571428572, 5157.142857142857, 5442.857142857143, 5728.571428571428, 6014.285714285714, 6300.0, 6300.0, 4300.000077397869, 4300.0, 4580.981748343904, 4860.3824682095255, 5144.24247711963, 5437.814947295657, 5727.4358298102925, 6010.279754097701, 6299.999625281399, 6299.833458225765], [4300.0, 6300.0, 6300.0, 6300.0, 6300.0, 6300.0, 6300.0, 6300.0, 6300.0, 4300.0, 8600.0, 10593.143567808005, 10600.0, 10600.0, 10600.0, 10600.0, 10600.0, 10600.0, 10600.0, 8603.521888341213]]"
14,14,12000.0,90,0,30.0,143852.0991628299,143852.445598365,0.00024082758411812482,143188.7538884145,143188.2383587217,-0.00036003504382406686,287040.85305124446,287040.6839570868,-5.8909439489381826e-05,False,"[[12000.0, 12000.0, 12285.714285714286, 12571.42857142857, 12857.142857142857, 13142.857142857143, 13428.57142857143, 13714.285714285714, 14000.0, 14000.0, 12000.032877854836, 12000.006148426266, 12283.397029870657, 12570.544961703223, 12855.274904309681, 13139.997852203403, 13423.737698406761, 13713.810303393384, 13999.999998492087, 13999.999999992066], [12000.0, 14000.0, 14000.0, 14000.0, 14000.0, 14000.0, 14000.0, 14000.0, 14000.0, 12000.0, 24000.06128635785, 26000.0, 25999.974774042268, 26000.0, 25999.999999999996, 26000.0, 25999.9999954286, 25999.99981942298, 25999.999999999996, 24000.052639475525]]"
15,15,2001.0,90,0,45.0,137070.27423056687,136463.8816545489,-0.44239539128516864,103713.18872256197,122904.50905076262,18.50422358485033,240783.46295312885,259368.39070531153,7.718523325582552,False,"[[2001.0, 2001.0, 2334.3333333333335, 2667.6666666666665, 3001.0, 3334.333333333333, 3667.6666666666665, 4001.0, 4001.0, 4001.0, 3604.155910122253, 2001.0000000001492, 2245.025602847868, 2492.9958541569695, 2994.1528628627734, 2903.416215038742, 3301.324356811985, 4000.9999999919864, 2792.911523816997, 4000.998328160108], [2001.0, 4001.0, 4001.0, 4001.0, 4001.0, 4001.0, 4001.0, 4001.0, 2001.0, 3001.0, 6001.987323760262, 6001.999999999372, 6001.9925135376, 6001.974564036366, 6001.999999989139, 4734.526563653661, 6001.989361982622, 5986.140626886279, 6001.999999996384, 4434.144413626962]]"
16,16,2650.0,90,0,45.0,138454.17292967835,138408.71764918073,-0.03283056013103986,126075.47538076108,126643.729888991,0.4507256518476179,264529.6483104394,265052.4475381717,0.19763350954096442,False,"[[2650.0, 2650.0, 2983.3333333333335, 3316.6666666666665, 3650.0, 3983.333333333333, 4316.666666666666, 4650.0, 4650.0, 4650.0, 2650.0, 2650.0, 2940.901337372201, 3249.685534364801, 3581.3707333629923, 3927.0235961679027, 4299.514684549316, 4650.0, 4650.0, 4650.0], [2650.0, 4650.0, 4650.0, 4650.0, 4650.0, 4650.0, 4650.0, 4650.0, 2650.0, 3650.0, 5557.9748311015865, 7300.0, 7300.0, 7300.0, 7300.0, 7300.0, 7300.0, 7300.0, 5300.0, 6015.73148835923]]"
17,17,3150.0,90,0,45.0,138525.39631508876,138602.81016296777,0.055884227685533534,130007.82796325946,129872.45507193635,-0.1041267233242092,268533.2242783482,268475.2652349041,-0.021583565162147992,False,"[[3150.0, 3150.0, 3483.3333333333335, 3816.6666666666665, 4150.0, 4483.333333333333, 4816.666666666666, 5150.0, 5150.0, 5150.0, 3150.0, 3150.0, 3452.672525251888, 3779.690205914304, 4110.463635171964, 4450.274287065079, 4811.010167476349, 5150.0, 5150.0, 5149.999999998308], [3150.0, 5150.0, 5150.0, 5150.0, 5150.0, 5150.0, 5150.0, 5150.0, 3150.0, 4150.0, 6339.6365088937855, 8300.0, 8300.0, 8300.0, 8300.0, 8300.0, 8300.0, 8300.0, 6300.0, 6993.493972228821]]"
18,18,4300.0,90,0,45.0,138562.5290635178,138337.22419410667,-0.16260158567678415,133863.9282147381,133830.8586459571,-0.02470386848944835,272426.45727825584,272168.0828400638,-0.09484190367316342,False,"[[4300.0, 4300.0, 4633.333333333333, 4966.666666666667, 5300.0, 5633.333333333333, 5966.666666666666, 6300.0, 6300.0, 6300.0, 4300.0, 4300.0, 4322.367811116735, 4642.384450713608, 5046.93111009112, 5463.053636682043, 5882.129149662285, 6300.0, 6300.0, 6299.590731662147], [4300.0, 6300.0, 6300.0, 6300.0, 6300.0, 6300.0, 6300.0, 6300.0, 4300.0, 5300.0, 8600.0, 10600.0, 9331.384583985404, 10599.999999999998, 10600.0, 10600.0, 10600.0, 10600.0, 8600.0, 9338.182833269893]]"
19,19,12000.0,90,0,45.0,138569.7529117087,138614.46722228572,0.03226844938196078,138187.0554284456,138187.59270842012,0.00038880629799793867,276756.8083401543,276802.0599307058,0.016350669319722726,False,"[[12000.0, 12000.0, 12333.333333333334, 12666.666666666666, 13000.0, 13333.333333333334, 13666.666666666666, 14000.0, 14000.0, 14000.0, 12000.000000000162, 12000.000000000002, 12283.601198750153, 12591.79970732233, 12920.33780126256, 13268.054465727819, 13638.314921266601, 13999.99999999996, 14000.0, 13999.788636652307], [12000.0, 14000.0, 14000.0, 14000.0, 14000.0, 14000.0, 14000.0, 14000.0, 12000.0, 13000.0, 24000.000000000124, 25999.99999999921, 25999.999999999265, 25999.999999999054, 25999.999999999243, 25999.99999999917, 25999.999999998443, 25999.99999999891, 24013.62669001511, 24669.181294217084]]"
20,20,2001.0,90,0,60.0,132800.92383263353,132680.01392514195,-0.09104598371918488,106877.20257809543,125918.41316823747,17.815970226418106,239678.12641072893,258598.4270933794,7.894045637784794,False,"[[2001.0, 2001.0, 2001.0, 2401.0, 2801.0, 3201.0, 3601.0, 4001.0, 4001.0, 4001.0, 3744.9992990877395, 2001.0000165928197, 2001.0000000024418, 2324.1825767882888, 2677.8207465531054, 3222.523093936797, 3484.8768319582305, 4000.999621906632, 2984.641533967146, 4000.9996515774146], [2001.0, 3001.0, 4001.0, 4001.0, 4001.0, 4001.0, 4001.0, 4001.0, 2001.0, 3001.0, 6001.999892265383, 4664.970359128034, 6001.999792614007, 6001.999775247777, 6001.999992248335, 6001.99998441428, 6001.999996267245, 6001.9999839475195, 6001.999993268826, 4646.6396100134025]]"
21,21,2650.0,90,0,60.0,136210.71551744232,136384.99371811905,0.12794749665227761,127672.04130753576,127493.77384533724,-0.1396292096318182,263882.75682497816,263878.7675634563,-0.0015117552847484087,False,"[[2650.0, 2650.0, 2650.0, 3050.0, 3450.0, 3850.0, 4250.0, 4650.0, 4650.0, 4650.0, 2650.0, 2650.0000000217387, 2650.0, 3016.812358260745, 3419.3165455056346, 3825.9433456583856, 4241.530637518135, 4650.0, 4650.0, 4649.625882866501], [2650.0, 3650.0, 4650.0, 4650.0, 4650.0, 4650.0, 4650.0, 4650.0, 2650.0, 3650.0, 5300.431072740328, 6090.1807755733425, 7300.0, 7300.0, 7300.0, 7300.0, 7300.0, 7300.0, 5300.0, 6099.201743539616]]"
22,22,3150.0,90,0,60.0,136466.02706502966,136594.06161242415,0.09382155408794818,130428.18952351085,130243.41275174844,-0.14166935264335678,266894.2165885406,266837.4743641726,-0.021260192556158977,False,"[[3150.0, 3150.0, 3150.0, 3550.0, 3950.0, 4350.0, 4750.0, 5150.0, 5150.0, 5150.0, 3150.0, 3159.6042675248937, 3150.0, 3504.4274792844317, 3913.086473715857, 4303.0010896210415, 4723.054922307488, 5149.999999999998, 5150.0, 5149.999999999742], [3150.0, 4150.0, 5150.0, 5150.0, 5150.0, 5150.0, 5150.0, 5150.0, 3150.0, 4150.0, 6300.0, 6943.08628890008, 8300.0, 8299.999999999995, 8300.0, 8299.999999999744, 8300.0, 8299.999999999993, 6300.0, 7007.966347245614]]"
23,23,4300.0,90,0,60.0,136652.16594761756,135165.52783043523,-1.0878994173807672,133168.0297742544,132751.44633714197,-0.3128254114884868,269820.195721872,267916.97416757717,-0.7053666050471006,False,"[[4300.0, 4300.0, 4300.0, 4700.0, 5100.0, 5500.0, 5900.0, 6300.0, 6300.0, 6300.0, 5055.549544093703, 4329.735279361798, 5011.577165021304, 5005.291308567204, 5778.338801207323, 5711.299163218821, 6299.817487936014, 4327.1259774078735, 6299.988389862226, 5634.18368014194], [4300.0, 5300.0, 6300.0, 6300.0, 6300.0, 6300.0, 6300.0, 6300.0, 4300.0, 5300.0, 9232.508550811595, 8997.087550731814, 8600.004121105561, 10560.142331459405, 10599.457500921893, 9427.675223630711, 9617.64098992552, 10587.899127712284, 8600.010448728954, 8600.010173416125]]"
24,24,12000.0,90,0,60.0,136746.14142895528,136677.6533037906,-0.05008413725534998,136499.67650714415,136499.18247017168,-0.00036193270570767316,273245.8179360995,273176.83577396226,-0.025245459439513465,False,"[[12000.0, 12000.0, 12000.0, 12400.0, 12800.0, 13200.0, 13600.0, 14000.0, 14000.0, 14000.0, 13325.291073318183, 12412.13922626704, 12000.013197268085, 12000.000000003944, 12841.479103767897, 13999.9999277496, 13999.364683459424, 13003.084960651966, 12000.000002857385, 13610.079326711524], [12000.0, 13000.0, 14000.0, 14000.0, 14000.0, 14000.0, 14000.0, 14000.0, 12000.0, 13000.0, 25999.999967356696, 25999.999999998632, 24919.866296507047, 25999.99999979672, 25999.999903059263, 25999.999256241612, 25207.066642611484, 24283.9697710958, 24000.000005400263, 24000.000019736268]]"
25,25,2001.0,90,0,75.0,128297.24539164804,132940.25617948204,3.618948149401378,102749.89902957006,126608.28399104426,23.219862196271418,231047.14442121814,259548.54017052625,12.335748974827276,False,"[[2001.0, 2001.0, 2001.0, 2501.0, 3001.0, 3501.0, 4001.0, 4001.0, 4001.0, 3001.0, 2850.486790905961, 2001.0000000000002, 2001.0000000000002, 2438.309006767443, 2956.6523768481266, 3517.5743088022627, 4001.0, 2903.2427358405457, 4001.0, 4001.0], [2001.0, 3001.0, 4001.0, 4001.0, 4001.0, 4001.0, 4001.0, 2001.0, 3001.0, 2001.0, 4694.7123396445795, 4485.972411294772, 6002.0, 6002.0, 6002.0, 6002.0, 6002.0, 5256.971469933624, 4318.845614406569, 5020.54934235645]]"
26,26,2650.0,90,0,75.0,136015.9128541698,135905.4106355727,-0.08124212548244217,128932.0361604747,129852.34283552426,0.7137920895812953,264947.9490146445,265757.753471097,0.3056466220871668,False,"[[2650.0, 2650.0, 2650.0, 3150.0, 3650.0, 4150.0, 4650.0, 4650.0, 4650.0, 3650.0, 2650.0, 2650.0, 2650.0, 3096.098962164542, 3619.412109674226, 4156.937031626629, 4650.0, 4650.0, 4650.0, 3624.5576556854876], [2650.0, 3650.0, 4650.0, 4650.0, 4650.0, 4650.0, 4650.0, 2650.0, 3650.0, 2650.0, 5413.781320517291, 6256.435435137283, 7300.0, 7300.0, 7300.0, 7300.0, 7300.0, 5418.368656363609, 6273.699872871624, 5437.239288114115]]"
27,27,3150.0,90,0,75.0,136716.2207313525,136911.84001130264,0.14308417750555116,132174.14298446325,132098.45978773016,-0.0572602137030621,268890.3637158157,269010.2997990328,0.04460408382051618,False,"[[3150.0, 3150.0, 3150.0, 3650.0, 4150.0, 4650.0, 5150.0, 5150.0, 5150.0, 4150.0, 3150.000000000002, 3150.0000000000027, 3150.000000000001, 3150.0000000000064, 3815.0554307642687, 4504.452081995158, 5150.0, 5150.0, 5149.999999999998, 4141.041278796339], [3150.0, 4150.0, 5150.0, 5150.0, 5150.0, 5150.0, 5150.0, 3150.0, 4150.0, 3150.0, 6300.000000000002, 6893.90474266319, 7555.871218565368, 8299.999999999989, 8300.0, 8300.0, 8299.999999999978, 6300.0, 7267.425728885713, 6300.0]]"
28,28,4300.0,90,0,75.0,137128.26224509077,137209.0762448571,0.05893314656164656,134722.51088342193,134698.43939832973,-0.017867455805528735,271850.7731285127,271907.5156431868,0.020872669965614585,False,"[[4300.0, 4300.0, 4300.0, 4800.0, 5300.0, 5800.0, 6300.0, 6300.0, 6300.0, 5300.0, 4300.0, 4300.00000002817, 4300.0, 4775.4367783120015, 5286.805747226688, 5805.4604575491885, 6300.0, 6300.0, 6299.941594615684, 5295.963933655061], [4300.0, 5300.0, 6300.0, 6300.0, 6300.0, 6300.0, 6300.0, 4300.0, 5300.0, 4300.0, 8600.0, 9400.805101223323, 10600.0, 10600.0, 10600.0, 10600.0, 10600.0, 8600.0, 9408.474848508096, 8600.0]]"
29,29,12000.0,90,0,75.0,137382.38841627815,137309.30804478595,-0.05319486168107261,137205.75763940692,137192.46578134457,-0.00968753665373461,274588.146055685,274501.7738261305,-0.031455192365441725,False,"[[12000.0, 12000.0, 12000.0, 12500.0, 13000.0, 13500.0, 14000.0, 14000.0, 14000.0, 13000.0, 13014.193053751562, 12502.887657340198, 12000.0, 12000.0, 12667.203423499626, 14000.0, 12000.0, 14000.0, 13518.68894536461, 13323.71975584339], [12000.0, 13000.0, 14000.0, 14000.0, 14000.0, 14000.0, 14000.0, 12000.0, 13000.0, 12000.0, 26000.0, 26000.0, 24000.0, 26000.0, 24000.0, 24000.0, 24862.014987345807, 26000.0, 26000.0, 24000.0]]"
30,30,2001.0,90,0,90.0,128134.36928658391,131556.39975285882,2.670657751958209,113777.23411983375,128526.09191157053,12.96292523353382,241911.60340641765,260082.4916644293,7.511375230515135,False,"[[2001.0, 2001.0, 2001.0, 2667.6666666666665, 3334.333333333333, 4001.0, 4001.0, 4001.0, 4001.0, 3001.0, 3946.0887158614905, 2001.0000000000002, 2001.0000000000002, 2483.9228639596877, 3168.254510296281, 4001.0, 3953.1912545839486, 4001.0, 3971.5000450646503, 2970.548131892731], [2001.0, 3001.0, 4001.0, 4001.0, 4001.0, 4001.0, 2001.0, 2661.0, 3341.0, 2001.0, 4944.161693455122, 4786.813262100821, 6002.0, 6001.991916126588, 6002.0, 6002.0, 5445.122253639007, 4201.277258872224, 4549.408245908084, 4002.0]]"
31,31,2650.0,90,0,90.0,135876.44884711097,135919.384543471,0.031599071600962626,131335.91535018437,131373.1639618985,0.02836132950748545,267212.36419729533,267292.5485053695,0.030007708780637892,False,"[[2650.0, 2650.0, 2650.0, 3316.6666666666665, 3983.333333333333, 4650.0, 4650.0, 4650.0, 4650.0, 3650.0, 2650.0, 2650.0, 2650.0, 3236.551706590514, 3930.1899813865257, 4650.0, 4650.0, 4650.0, 4650.0, 3689.847993584269], [2650.0, 3650.0, 4650.0, 4650.0, 4650.0, 4650.0, 2650.0, 3310.0, 3990.0, 2650.0, 5300.0, 6208.251179320747, 7300.0, 7300.0, 7300.0, 7300.0, 5300.0, 5944.557290067418, 6610.538398156912, 5300.007756200241]]"
32,32,3150.0,90,0,90.0,136626.25986609404,136665.88539702262,0.029002865896653858,133549.10429302527,133546.75115435527,-0.0017620025850881218,270175.3641591193,270212.6365513779,0.01379562950699695,False,"[[3150.0, 3150.0, 3150.0, 3816.6666666666665, 4483.333333333333, 5150.0, 5150.0, 5150.0, 5150.0, 4150.0, 3150.0, 3150.0, 3150.0, 3808.6604758644726, 4458.054237120884, 5150.0, 5150.0, 5149.999999805746, 5149.988863801411, 4088.4775832477585], [3150.0, 4150.0, 5150.0, 5150.0, 5150.0, 5150.0, 3150.0, 3810.0, 4490.0, 3150.0, 6300.0, 7245.96401441599, 8300.0, 8300.0, 8300.0, 8300.0, 6300.0, 6935.5686814014225, 7555.027484843515, 6300.000169518113]]"
33,33,4300.0,90,0,90.0,137196.86521812945,137223.40521062206,0.019344459839093928,135521.48185548847,135508.60634492015,-0.009500715600241672,272718.3470736179,272732.01155554224,0.005010474018689433,False,"[[4300.0, 4300.0, 4300.0, 4966.666666666667, 5633.333333333333, 6300.0, 6300.0, 6300.0, 6300.0, 5300.0, 4300.0, 4300.000000269575, 4300.0, 4962.725941133306, 5626.710282875085, 6300.0, 6300.0, 6300.0, 6300.0, 5299.030028753816], [4300.0, 5300.0, 6300.0, 6300.0, 6300.0, 6300.0, 4300.0, 4960.0, 5640.0, 4300.0, 8600.0, 9555.910086967931, 10600.0, 10600.0, 10600.0, 10600.0, 8600.0, 9218.681982965934, 9868.273466790723, 8600.0]]"
34,34,12000.0,90,0,90.0,137612.31581853624,139331.69538053844,1.2494372700401868,137494.2947658421,137470.31775052397,-0.01743855289337636,275106.61058437836,276802.0131310625,0.616271104166776,False,"[[12000.0, 12000.0, 12000.0, 12666.666666666666, 13333.333333333334, 14000.0, 14000.0, 14000.0, 14000.0, 13000.0, 12013.122800562682, 12013.017302351009, 12009.777794243684, 12668.149019054288, 13319.367016195158, 13990.116670253614, 13978.866537671222, 13978.866537671527, 13978.866537671238, 12996.13593575252], [12000.0, 13000.0, 14000.0, 14000.0, 14000.0, 14000.0, 12000.0, 12660.0, 13340.0, 12000.0, 24016.017427857238, 24327.29048212737, 25988.831028769564, 25992.240787576076, 25992.242883970142, 25986.565241775636, 24021.133462284495, 24021.13345957856, 24021.133456796706, 24019.031714602024]]"
